{
  "boardName": "BW1098OBC",
  "boardRev": "R0M0E0",
  "cameraData": [
    [
      1,
      {
        "cameraType": 0,
        "distortionCoeff": [
          36.95293426513672, 260.71392822265625, 0.000763081421609968,
          -0.007628044579178095, -23.547531127929688, 38.04875564575195,
          254.1214141845703, -5.443780899047852, 0.0, 0.0, 0.0, 0.0, 0.0, 0.0
        ],
        "extrinsics": {
          "rotationMatrix": [
            [0.9997684955596924, -0.021114680916070938, -0.004144731909036636],
            [0.021152842789888382, 0.9997321367263794, 0.009390473365783691],
            [0.003945344593375921, -0.00947597250342369, 0.9999473094940186]
          ],
          "specTranslation": {
            "x": -7.5,
            "y": 0.0,
            "z": 0.0
          },
          "toCameraSocket": 2,
          "translation": {
            "x": -7.310253143310547,
            "y": 0.04865434765815735,
            "z": -0.08547990024089813
          }
        },
        "height": 800,
        "intrinsicMatrix": [
          [863.1793212890625, 0.0, 626.2564086914063],
          [0.0, 862.849609375, 407.8053283691406],
          [0.0, 0.0, 1.0]
        ],
        "lensPosition": 0,
        "specHfovDeg": 71.86000061035156,
        "width": 1280
      }
    ],
    [
      0,
      {
        "cameraType": 0,
        "distortionCoeff": [
          -12.64781379699707, 94.04605102539063, 0.0014978518011048436,
          -0.002950838068500161, -183.6267852783203, -12.743912696838379,
          94.55609130859375, -184.39053344726563, 0.0, 0.0, 0.0, 0.0, 0.0, 0.0
        ],
        "extrinsics": {
          "rotationMatrix": [
            [0.0, 0.0, 0.0],
            [0.0, 0.0, 0.0],
            [0.0, 0.0, 0.0]
          ],
          "specTranslation": {
            "x": -0.0,
            "y": -0.0,
            "z": -0.0
          },
          "toCameraSocket": -1,
          "translation": {
            "x": 0.0,
            "y": 0.0,
            "z": 0.0
          }
        },
        "height": 1080,
        "intrinsicMatrix": [
          [1481.1824951171875, 0.0, 947.2300415039063],
          [0.0, 1479.3084716796875, 545.7195434570313],
          [0.0, 0.0, 1.0]
        ],
        "lensPosition": 135,
        "specHfovDeg": 68.7938003540039,
        "width": 1920
      }
    ],
    [
      2,
      {
        "cameraType": 0,
        "distortionCoeff": [
          86.71814727783203, -432.41387939453125, 0.002306882757693529,
          -0.003909948747605085, 1302.8173828125, 87.46566772460938,
          -440.491943359375, 1325.87890625, 0.0, 0.0, 0.0, 0.0, 0.0, 0.0
        ],
        "extrinsics": {
          "rotationMatrix": [
            [0.9999940395355225, -0.0022772273514419794, -0.002583633176982403],
            [0.0022269999608397484, 0.9998116493225098, -0.019279716536402702],
            [0.002627050969749689, 0.019273847341537476, 0.9998107552528381]
          ],
          "specTranslation": {
            "x": 3.75,
            "y": 0.0,
            "z": 0.0
          },
          "toCameraSocket": 0,
          "translation": {
            "x": 3.691619396209717,
            "y": -0.057676780968904495,
            "z": 0.1558748334646225
          }
        },
        "height": 800,
        "intrinsicMatrix": [
          [850.998291015625, 0.0, 643.5640258789063],
          [0.0, 851.1787109375, 405.5068359375],
          [0.0, 0.0, 1.0]
        ],
        "lensPosition": 0,
        "specHfovDeg": 71.86000061035156,
        "width": 1280
      }
    ]
  ],
  "imuExtrinsics": {
    "rotationMatrix": [
      [0.0, 0.0, 0.0],
      [0.0, 0.0, 0.0],
      [0.0, 0.0, 0.0]
    ],
    "specTranslation": {
      "x": 0.0,
      "y": 0.0,
      "z": 0.0
    },
    "toCameraSocket": -1,
    "translation": {
      "x": 0.0,
      "y": 0.0,
      "z": 0.0
    }
  },
  "miscellaneousData": [],
  "stereoRectificationData": {
    "leftCameraSocket": 1,
    "rectifiedRotationLeft": [
      [0.99958336353302, -0.027876809239387512, 0.007484626490622759],
      [0.027841713279485703, 0.9996010661125183, 0.0047532073222100735],
      [-0.007614144589751959, -0.004542842041701078, 0.999960720539093]
    ],
    "rectifiedRotationRight": [
      [0.999909520149231, -0.006655028555542231, 0.011692092753946781],
      [0.0067093088291585445, 0.9999668598175049, -0.004609389696270227],
      [-0.011661030352115631, 0.004687418229877949, 0.9999210238456726]
    ],
    "rightCameraSocket": 2
  },
  "version": 6
}
